common_voice_en_515353.wav, why didn't you ask neal about it
common_voice_en_18831079.wav, this gives employees increased certainty
common_voice_en_532457.wav, martin luther king jr was an an american civil rights leader
common_voice_en_17581077.wav,if you still don't know what recursion is read this sentence again
common_voice_en_493752.wav,no i asked pamela and mark for directions before i left
common_voice_en_60861.wav,there are no words to describe how difficult that day was
common_voice_en_60860.wav,do male kangaroos have a pouch
common_voice_en_18829045.wav,all were portraits
common_voice_en_454955.wav,he wrote down a long list of items
common_voice_en_18830344.wav,in the following chapter he creates a template for descriptions of his macabre subject
common_voice_en_7538725.wav,a friend of yours
common_voice_en_151826.wav,his father said no more
common_voice_en_17265492.wav,he who laughs last laughs longest
common_voice_en_17265491.wav,potatoes are less spacesaving durable and cheap than pasta
common_voice_en_124225.wav,and yet none of these people has ever met the old king
common_voice_en_58976.wav,there's life here the boy said to the alchemist
common_voice_en_17269127.wav,quiet down will you
common_voice_en_220910.wav,there was no response from the elders
common_voice_en_18576998.wav,the company utilizes a just in time manufacturing process
common_voice_en_529566.wav,she'll see us through dinner
common_voice_en_557089.wav,it brought his heart into his mouth
common_voice_en_588209.wav,but the boy was quiet
common_voice_en_16047860.wav,the team with the best timing looks good
common_voice_en_654333.wav,diligence is the mother of good luck
common_voice_en_8580.wav,it sort of makes a fellow lose faith in himself
common_voice_en_8582.wav,it infuriates me and i don't know why
common_voice_en_18754521.wav,it was built on land formerly held by the macfadzeans
common_voice_en_18754523.wav,the rural population saw the old religious order in danger
common_voice_en_67613.wav,he's allergic to him
common_voice_en_67617.wav,they opened the bottle of wine and drank heavily
common_voice_en_23533.wav,love required them to stay with the people they loved
common_voice_en_62618.wav,give me the list of films at santikos theatres
common_voice_en_18009119.wav,i'm sure carley is not a coward
common_voice_en_17728545.wav,it's raining heavily take an umbrella
common_voice_en_34501.wav,cry havoc and let slip the dogs of war
common_voice_en_335848.wav,i have always wanted to travel the world
common_voice_en_17897360.wav,the book has been wrong in the past
common_voice_en_18556.wav,he sat looking at the sky for a long time
common_voice_en_137640.wav,that's the way it will be with our love for each other
common_voice_en_185033.wav,two smiling boys are sitting beside a fruit cart
common_voice_en_16185483.wav,my friend murad is coming in this weekend
common_voice_en_552653.wav,i can clean up those glasses in the window if you want said the boy
common_voice_en_17776051.wav,not in a month of sundays
common_voice_en_214077.wav,the tradition teaches men how to cross the desert and how their children should marry
common_voice_en_474108.wav,darling could you grab me some throat candy down at the local chemist
common_voice_en_9684911.wav,but i knew better
common_voice_en_646464.wav,but you want to know something
common_voice_en_18851539.wav,when sober he hates chandramukhi and loathes her presence
common_voice_en_629083.wav,they were tribesmen dressed in blue with black rings surrounding their turbans
common_voice_en_420361.wav,mister robinson will be on time
common_voice_en_420359.wav,two caribous in a queue they didn't have a clue that i was using their flue to write a poem for you
common_voice_en_586811.wav,she must hate me why wouldn't she
common_voice_en_17271034.wav,madam this is the best brand of corn
common_voice_en_18064213.wav,raccoons are mammals as well
common_voice_en_458734.wav,the loss of the second ship was hard to take
common_voice_en_577487.wav,the snake fought frantically making hissing sounds that shattered the silence of the desert
common_voice_en_18886270.wav,the results of the principal competitions are shown below
common_voice_en_18886304.wav,below is a list of the games published by techland publishing
common_voice_en_18886575.wav,anderson mill is named after thomas anderson
common_voice_en_18886577.wav,beloit memorial high school is the city's public high school
common_voice_en_97340.wav,there is a whole lot of joy in playing piano
common_voice_en_18849739.wav,these ideas reduce the authority value integrity and independence of science in society
common_voice_en_18849936.wav,in addition he also made some of the cover of the albums
common_voice_en_18849944.wav,he produced dude i'm moving out
common_voice_en_18849882.wav,hoctor departed after four months leaving edwards as solo host for the next quarter century
common_voice_en_18849866.wav,botesdale is served by simonds of botesdale limited's country link bus service
common_voice_en_18849842.wav,the year after fred varley made the same journey to work for grip
common_voice_en_18803350.wav,the word kinnickinnic is ojibwe in origin
common_voice_en_190097.wav,a ballerina dressed in yellow is dancing on a stage
common_voice_en_18855664.wav,the rules include make noise touch anything get dirty and have fun
common_voice_en_18855802.wav,photographs of lupus would appear in a number of issues
common_voice_en_18855723.wav,shelagh rogers and stuart mclean were frequent guest hosts in later years
common_voice_en_18855678.wav,he currently resides in jupiter florida
common_voice_en_18855725.wav,their movements coincided with a similar trend of populism in europe
common_voice_en_18855722.wav,browne was the son of robert browne of falkirk scotland
common_voice_en_18855803.wav,team member cody mattern
common_voice_en_18549252.wav,fewer people are subscribing to our channel
common_voice_en_18549173.wav,the lower windows i could not see
common_voice_en_18549194.wav,i’ve simply got to go
common_voice_en_18549251.wav,it was an overwhelming deluge of rain
common_voice_en_18549253.wav,this is a serious matter for both of you
common_voice_en_18549255.wav,i don't mind telling you
common_voice_en_18549158.wav,there's nobody in the house
common_voice_en_18549171.wav,your hard work is appreciated
common_voice_en_18549175.wav,‘sap and sawdust’ said the gnat
common_voice_en_18549261.wav,oh that very bad child!
common_voice_en_18879035.wav,he described himself as an organizer and finished fourth on both occasions
common_voice_en_18738671.wav,he suffered from bleeding and had to undergo stomach removal to save his life
common_voice_en_18738923.wav,they are currently used by the b and c branches respectively
common_voice_en_127612.wav,people are shopping at an asian market
common_voice_en_127620.wav,an elderly couple sit next to each other at a coffee shop
common_voice_en_18605429.wav,what did the torn up scrap of writing mean
common_voice_en_18605442.wav,we are taught the periodic table in high school
common_voice_en_18914771.wav,the gorge then broadens past dana and tatopani toward beni
common_voice_en_44121.wav,man and child riding in gocart
common_voice_en_217026.wav,a man performs tricks on a dirt ramp on a green bike
common_voice_en_18723966.wav,the lyrics are by maurice albert thiriet
common_voice_en_18748353.wav,metastasio lived with bulgarelli and her husband in rome
common_voice_en_191580.wav,looking for the saga called the scofflaw
common_voice_en_18781946.wav,ned and laura marry a few days later
common_voice_en_18539227.wav,it's embarrassing to admit but that's me in the picture
common_voice_en_18319978.wav,i have been robbed sir i amended
common_voice_en_216009.wav,shirtless man skateboards down a sunny roadside
common_voice_en_18836697.wav,shadows' vocal style has evolved significantly over the years
common_voice_en_539045.wav,a group of asian young adults are gathered in a classroom setting
common_voice_en_539041.wav,a young pigtailed girl is swinging her bat at a ball on a post
common_voice_en_18734590.wav,the theater maintains the military patriotic tendency and realistic style
common_voice_en_18851656.wav,there are two possible origins for the name of the city
common_voice_en_18655445.wav,‘open the bag!’ he whispered
common_voice_en_18715597.wav,the mitochondria have tubular cristae
common_voice_en_18715627.wav,the movement is part of a broader māori renaissance
common_voice_en_18793891.wav,the town of petrovaradin is the seat of petrovaradin municipality
common_voice_en_188431.wav,add this c j chenier album to my this is no te va gustar playlist
common_voice_en_18733404.wav,the unincorporated community of fisher is near the center of the township
common_voice_en_543589.wav,a male standing in the mountains holding a gun
common_voice_en_18429751.wav,i'm writing my essay on municipal internet
common_voice_en_208062.wav,a chef is preparing a meal in a professional kitchen
common_voice_en_18862540.wav,his father taught him to play the violin
common_voice_en_18717230.wav,lyrics and screenplay were written by howard schuman
common_voice_en_18708638.wav,advertising is shared with its sister title the northumberland gazette
common_voice_en_18831746.wav,halabi and his followers supported mohammad mosaddegh
common_voice_en_18831828.wav,mykhailo verbytsky was born in the nadsyannya
common_voice_en_18733690.wav,at that time the committee consisted of just twenty two universities and university colleges
common_voice_en_18714763.wav,note that name origin and terminus of some lines are changed with numbering scheme
common_voice_en_18566871.wav,she ran to the cloak room and came back again with her cloak
common_voice_en_18902272.wav,analytical methods are available to determine phytoestrogen content in plants and food
common_voice_en_18841350.wav,it is also the location of an archaeological site
common_voice_en_18841412.wav,it handles large image data sets
common_voice_en_18878202.wav,bankislami pakistan limited made a public offering of rs
common_voice_en_18733546.wav,jerseyville is located nearby
common_voice_en_45973.wav,please find me the platinum box ii song
common_voice_en_18344307.wav,i exported the model in json format
common_voice_en_18783359.wav,he was cast as the eldest sibling chuck cunningham on happy days
common_voice_en_18783396.wav,iris is somewhat slower than her father because of her young age
common_voice_en_18783399.wav,he grew up in tondo manila
common_voice_en_18783480.wav,the radio edit is eight seconds shorter than the album version
common_voice_en_18733140.wav,he was an accomplished zoologist and paleontologist as well as an ordained presbyterian minister
common_voice_en_18730017.wav,more than most heruy saw similarities between japan and ethiopia
common_voice_en_18875781.wav,three points is the equivalent of a goal
common_voice_en_18875785.wav,one views x as suspended between the end points
common_voice_en_18875800.wav,thus bhutan doesn't have an independence day because it was never under anyone's rule
common_voice_en_18875798.wav,all songs written by saul williams except where noted
common_voice_en_18875808.wav,these characteristics make it ideal for feeding to infants and the elderly
common_voice_en_18849792.wav,reggie and sam then go shopping at a mall
common_voice_en_18849868.wav,hooper since has not been active in the motion picture industry
common_voice_en_18849909.wav,his songs can often be heard on popular radio stations across yorubaland
common_voice_en_18849829.wav,it is the third largest county in minnesota by land area
common_voice_en_18849849.wav,when this is passed through the same smoothing system the output is zero
common_voice_en_18849911.wav,joseph w luter sr's first job was at a local meat packing plant
common_voice_en_18849927.wav,eight warships of the royal navy have also been named after him
common_voice_en_18849800.wav,brookfield's renewable power assets include hydroelectric power plants and wind power assets
common_voice_en_18849924.wav,he has degrees in journalism and mathematics from universities in grenoble and paris
common_voice_en_18849968.wav,so the meaning is probably 'oak tree hamlet'
common_voice_en_18849987.wav,along the north east side is the connected but walled off plymouth jewish cemetery
common_voice_en_18882522.wav,iranian officials blamed the country's poor aviation record on the sanctions
common_voice_en_491247.wav,add the tune to my women of latin music playlist
common_voice_en_18727566.wav,originally may week took place in the week during may before year end exams began
common_voice_en_18728934.wav,praemunire in classical latin means to fortify
common_voice_en_18832707.wav,his management style made him unpopular with lab scientists
common_voice_en_18623766.wav,lastly it was no one and i was no one
common_voice_en_18679059.wav,in germany he reorganized the shevchenko scientific society as an émigré institution
common_voice_en_18890474.wav,in the first anime adaptation zoisite is kunzite's lover
common_voice_en_18771663.wav,he represented the republic of ireland at international level
common_voice_en_18771681.wav,a prominent song was  zindagi hai pyar se pyar se bitaye ja
common_voice_en_18771668.wav,lindemann commanded the corps during the advance towards leningrad
common_voice_en_18718128.wav,ross was born in arecibo puerto rico
common_voice_en_18840602.wav,janney has remained active in theater
common_voice_en_18657917.wav,but i longed so much to see you my dear mr george
common_voice_en_18734088.wav,instant feedback is received via web or mobile
common_voice_en_18528900.wav,a machine learning model will need to be retrained to avoid decay
common_voice_en_543264.wav,book me a reservation for twenty two faraway from our place
common_voice_en_543275.wav,find me the tv show we lived for estonia
common_voice_en_18586668.wav,i was not prepared for it
common_voice_en_18593567.wav,in the end they triumphed over the other team
common_voice_en_18758153.wav,ibn masawayh apparently attracted considerable audiences having acquired a reputation for repartee
common_voice_en_18755258.wav,the standards and upkeep of rest areas facilities vary
common_voice_en_599234.wav,two men walking past a mural of a car
common_voice_en_18723315.wav,you can call or put in american bermudan or european exercise style
common_voice_en_18723313.wav,balonne shire council operates a library in william street
common_voice_en_18723394.wav,a war cemetery exists in their memory
common_voice_en_18723410.wav,his poetry is beautiful and expresses the deep things of the spirit
common_voice_en_18723401.wav,god was there every single time every single time
common_voice_en_18723407.wav,the fourth big dish is either sweet vegetables or soup
common_voice_en_18723572.wav,his reputation was building fast and he started selling out shows in smaller venues
common_voice_en_18723780.wav,mcmillan was defeated by democrat lane evans in november
common_voice_en_43484.wav,people outside in a field harvesting something
common_voice_en_43494.wav,a man and woman are birdwatching
common_voice_en_18709243.wav,skarsgård designated stormare the godfather to his son gustaf
common_voice_en_18799129.wav,after ishidate petrifies shadabada naruto uses the crescent moon rasengan to defeat ishidate
common_voice_en_18732434.wav,russian diplomats spent significant funds on diplomacy and propaganda
common_voice_en_18753044.wav,the north western part is called bull point but is normally included in the area
common_voice_en_18753102.wav,the italian terraces with their sculptures survive from the destroyed crystal palace
common_voice_en_582711.wav,a woman proudly shows off a decorative lamp
common_voice_en_18650196.wav,this otorhinolaryngologist treated my hearing problems
common_voice_en_18553310.wav,what could have divided you
common_voice_en_18553329.wav,'counsel’s office’ replied the executor in a whisper
common_voice_en_18672204.wav,ludwig van beethoven dedicated his ouverture op
common_voice_en_18672353.wav,independent andrzej olechowski came second beating solidarity candidate krzaklewski into third place
common_voice_en_18540052.wav,you're not one of the weak legged ones you ain't
common_voice_en_18540049.wav,the breath was struck out of her body
common_voice_en_18541332.wav,what could i ever do but thank him!
common_voice_en_18541292.wav,as it turns out the wedding is not today
common_voice_en_18541666.wav,that is a quote from a famous parable
common_voice_en_18546631.wav,domestic violence should not be tolerated
common_voice_en_18546652.wav,my guardian asked him what he meant
common_voice_en_18840479.wav,battles are similar to those of the previous grandia games
common_voice_en_18841343.wav,simple programs are capable of a remarkable range of behavior
common_voice_en_18840525.wav,a famous sangharama was that of kukkutarama in pataliputra
common_voice_en_18841395.wav,he graduated from the university of southern california's school of cinema television
common_voice_en_18841427.wav,he was born in stotfield lossiemouth morayshire
common_voice_en_691872.wav,the dog with the red collar is bearing its teeth at the dog with the blue collar
common_voice_en_691885.wav,a man in a red shirt sits at a table with a glass of water
common_voice_en_18850945.wav,it's razzle dazzle of a random sort but it works
common_voice_en_18850848.wav,nine of these light cruisers would be rebuilt as light aircraft carriers
common_voice_en_18851449.wav,it is also known as the yalong bay national resort
common_voice_en_18846655.wav,home published prolifically on human and animal anatomy
common_voice_en_18738974.wav,elkanah settle signed the dedication to the duchess of albemarle
common_voice_en_18708772.wav,the sheet is then dried under pressure
common_voice_en_18708854.wav,this decisive action helped put matters to rest
common_voice_en_18686946.wav,knox is part of regional school unit no
common_voice_en_18605862.wav,he was referred to the hospital
common_voice_en_18605884.wav,would you mind describing him to me
common_voice_en_18605911.wav,it was a breath of relief
common_voice_en_18849785.wav,draper also wrote many articles for the various magazines of his time
common_voice_en_18849932.wav,the subdivision is located near the high school on the northeast side of town
common_voice_en_18850144.wav,cheap metal plates which are the most durable remain common in the developing world
common_voice_en_18849963.wav,the climate is temperate and semi moist with most rain in the summer
common_voice_en_18850150.wav,areas with very little to no vegetation are the primary target
common_voice_en_18850221.wav,good weekend is edited by amelia lester
common_voice_en_18850239.wav,the headquarters was in georgetown
common_voice_en_18850318.wav,this is not always the case however
common_voice_en_18850278.wav,three years later he moved with his family to rome
common_voice_en_18850302.wav,it is in the south west of the country and its capital was fier
common_voice_en_18850427.wav,franklin native kenny perry was the runner up in the event's final sudden death playoff
common_voice_en_18850629.wav,general edward hatch and a brigade under colonel horace capron
common_voice_en_18850551.wav,this class includes also the abbreviations for the names of most sees
common_voice_en_18850616.wav,there are also many old wooden houses in the city
common_voice_en_18850617.wav,they gave him the name n'chaka meaning the man without a tribe
common_voice_en_18850662.wav,the powerfully built centre joined the eastern suburbs club straight out of school
common_voice_en_18850739.wav,the whiteman family established mussel pool as a picnic area for their employees
common_voice_en_18747138.wav,among women incidents of acephalgic migraine increase during perimenopause
common_voice_en_18730174.wav,they are responsible for setting salaries the annual budget and special spending
common_voice_en_18730210.wav,division can be viewed either as quotition or as partition
common_voice_en_18842138.wav,the group disbanded after this single
common_voice_en_18842153.wav,four of the six experimental aircraft were lost to accidents
common_voice_en_18928214.wav,her brother is also a world class swimmer
common_voice_en_18844518.wav,the length of the articles varies
common_voice_en_18844525.wav,aldicarb is a cholinesterase inhibitor which prevents the breakdown of acetylcholine in the synapse
common_voice_en_18641829.wav,academics wish for their work to be recognized and attributed
common_voice_en_18699664.wav,cakile species grow as annual plants with an erect or decumbent stem
common_voice_en_18699752.wav,schaech wrote his first book titled rick dempsey's caught stealing
common_voice_en_18709061.wav,it is unrivaled in its breadth of coverage and its insight
common_voice_en_18563769.wav,misdiagnoses could result in mistreatment
common_voice_en_18818582.wav,the song is a high thin pit seet seet seet seet and the call is a sharp tsip
common_voice_en_18907760.wav,he was diagnosed with hallucinations and paranoia
common_voice_en_18592309.wav,do you dread a particular person
common_voice_en_18592361.wav,to constrain content piracy digital rights management technology was introduced
common_voice_en_18713765.wav,nakatsu's mt
common_voice_en_18844696.wav,giresun has a high and evenly distributed precipitation throughout the year
common_voice_en_545679.wav,a child runs near some trees
common_voice_en_545700.wav,two woman are sitting at a table working with clay
common_voice_en_545775.wav,a light brown dog is playing in front of two spotted cows
common_voice_en_18707156.wav,however emeralds a b cetc
common_voice_en_18732157.wav,gondwanatitan had vertebral lateral fossae that resembled shallow depressions
common_voice_en_18842844.wav,i would like to focus on the things i would do he said
common_voice_en_18724836.wav,goguryeo's third king daemusin attacked dongbuyeo and killed daeso
common_voice_en_18705097.wav,this article illustrates some typical applications of operational amplifiers
common_voice_en_18563102.wav,my knowledge of human nature tells me it will work
common_voice_en_18851980.wav,piranhea is native to south america and to mexico
common_voice_en_18852062.wav,alexandre was born in rouen france
common_voice_en_18714526.wav,other elected officials include clerk treasurer sheriff assessor and prosecutor
common_voice_en_18723172.wav,his work also has implications for substance abuse disorders
common_voice_en_18723785.wav,psychotherapy has focused understandably on pathology
common_voice_en_18845892.wav,sangeetha sabha constructed purandhara bhavan which promotes performing arts theater and drama
common_voice_en_18666633.wav,c sharp is a programming language
common_voice_en_18708924.wav,symmetrical stretches and bends however tend to be raman active
common_voice_en_18706045.wav,the first side read:  while the second side read:
common_voice_en_593072.wav,i want to book a indonesian brasserie far from savoonga on february eleventh
common_voice_en_18725537.wav,slavers was written by sean k reynolds and chris pramas
common_voice_en_18726189.wav,to assist the elderly and disabled many routes have low floor buses
common_voice_en_18726678.wav,he trained at the bristol old vic theatre school
common_voice_en_18726787.wav,the library became a focal point to the burgeoning harlem renaissance
common_voice_en_18727002.wav,his stablemaster onoe oyakata commented all wrestlers have their unique personalities
common_voice_en_18664663.wav,then he wouldn't have got himself into these troubles
common_voice_en_18353767.wav,he deluged me overwhelmed me with argument
common_voice_en_18693512.wav,iolo morganwg adds saint cenydd to the list
common_voice_en_18757082.wav,subspecies bachmani macrorhinus and virgulti are less geographically restricted
common_voice_en_18866759.wav,civil war ensues culminating in peter pevensie defeating miraz in a duel
common_voice_en_18866760.wav,twenty plutonium radioisotopes have been characterized
common_voice_en_18866786.wav,mackinac pipes were specifically engineered to withstand the straits' brutal underwater environment
common_voice_en_18866862.wav,there are still no mainstream female qawwals
common_voice_en_18866902.wav,existentialism feminism and simone de beauvoir
common_voice_en_18777915.wav,this demand was viewed as detrimental by the sunni religious leaders
common_voice_en_18639921.wav,i deiced the car this morning
common_voice_en_18667515.wav,ricardo stared at his friend
common_voice_en_18671610.wav,collusion is evidenced in many ways
common_voice_en_18706777.wav,cruise control power steering and air conditioning were optional
common_voice_en_18707384.wav,service is provided daily from early morning to late evening
common_voice_en_18707382.wav,it is expected that future governors general will serve in this position
common_voice_en_18707428.wav,after a stellar career at joliet junior college mitchell transferred to texas tech
common_voice_en_18707490.wav,herculaneum city park located on south joachim avenue is the largest park in herculaneum
common_voice_en_18707577.wav,there are only three new world phyllostomid bats of comparable size
common_voice_en_18632017.wav,the impact of a drought on a society
common_voice_en_18632268.wav,and now i will ask you a question in return
common_voice_en_18670604.wav,the website is also supported by martin lewis' moneysavingexpertcom website
common_voice_en_18316601.wav,shall we go up in the lift or shall we take the escalator
common_voice_en_18316719.wav,i have no idea replied philip
common_voice_en_18342074.wav,the land exchanged its austere robes for the garb of a smiling wanton
common_voice_en_18670981.wav,karp d r et al
common_voice_en_18561004.wav,he had been guilty of a clumsiness — even he
common_voice_en_18843236.wav,future interim prime minister hugh watt became nordmeyer's deputy leader
common_voice_en_18675627.wav,gopi also worked in tamil film i as dr vasudevan
common_voice_en_586902.wav,please add this artist to todo novedadelawares
common_voice_en_18722359.wav,the fields contain either bituminous coal or semi anthracite and all occur within pennsylvanian strata
common_voice_en_18722379.wav,many of these are of yiddish or jewish origin
common_voice_en_18785172.wav,the interchange at main reef road was removed
common_voice_en_18785247.wav,firstly the town was called rykiv and only latter it was renamed to kosiv
common_voice_en_18785404.wav,radmanovich is a graduate of pepperdine university
common_voice_en_18785423.wav,the newspaper has never missed an issue since
common_voice_en_18785432.wav,it typically has several main stems
common_voice_en_18785463.wav,the unincorporated communities of brodtville and wyalusing are located in the town
common_voice_en_18785473.wav,he also came on the following week against bolton wanderers
common_voice_en_18668209.wav,the back of a book has a blurb section
common_voice_en_18670463.wav,they moved frequently from one cheap flat to another
common_voice_en_18550036.wav,would you like to customize your device
common_voice_en_18577856.wav,‘one indeed!’ said the dormouse indignantly
common_voice_en_573865.wav,a man is sitting in a chair at a table surrounded by a bunch of people
common_voice_en_18697890.wav,her commentary has also appeared on the guardiancouk website
common_voice_en_18698093.wav,key: p–games played w–games won d–games drawn; l–games lost %–win percentage
common_voice_en_18767501.wavm,the chief historian is prof dina porat
common_voice_en_18709170.wav,undergraduate and graduate admission to colmex is very selective
common_voice_en_18712136.wav,the area immediately south and west of st lambert was covered with german dead
common_voice_en_18712375.wav,hu is now a san francisco based venture capitalist with walden international investment group
common_voice_en_18717937.wav,the figure of kathleen ni houlihan has also been invoked in nationalist irish politics
common_voice_en_18738491.wav,she was born candice mcclure in durban south africa
common_voice_en_18738593.wav,she was cremated at streatham park cemetery
common_voice_en_18738686.wav,south cariboo regional airport is the regional facility for the south cariboo
common_voice_en_18750846.wav,he was appointed master of the horse
common_voice_en_18750902.wav,however he never assumed the title
common_voice_en_18756657.wav,witchcraft and non mainstream esoteric study were prohibited and targeted by the inquisition
common_voice_en_18756680.wav,he also represented the yugoslavian national basketball team internationally
common_voice_en_18756706.wav,during the pleistocene toxodon was the largest common notoungulate
common_voice_en_18756738.wav,albert went on to join x pac and justin credible in their own stable x factor
common_voice_en_492213.wav,christian groups protest exxxotica
common_voice_en_18801912.wav,hillesheim's outlying stadtteile are niederbettingen and bolsdorf
common_voice_en_18779905.wav,he is the brother of dan troy and tevi david troy
common_voice_en_18779981.wav,neon lights of many colors glow from behind the framed painted mosaics
common_voice_en_18780013.wav,note: repealed titles have been omitted
common_voice_en_18780164.wav,spectacular launches were a feature of later test flights
common_voice_en_18782079.wav,the highest mountain is didi abuli at an elevation of above sea level
common_voice_en_18782106.wav,greyhound was then retired
common_voice_en_18867749.wav,ak sar ben is nebraska spelled backwards
common_voice_en_18867815.wav,radical scavengers proved a viable method of measuring production of hydroxyl radical
common_voice_en_18883253.wav,paranormal researcher john zaffis told hawes that he was becoming sensitive to paranormal phenomena
common_voice_en_18350792.wav,your services are appreciated
common_voice_en_18586876.wav,no my lady i've seen him!
common_voice_en_18594344.wav,you are hot in here!
common_voice_en_18586900.wav,‘we’d better take it with us’ the knight said
common_voice_en_18600108.wav,it was a thing to look at
common_voice_en_18605170.wav,i now froze and the face became hard and set
common_voice_en_18637100.wav,only if you are fine and big enough to consent
common_voice_en_18641761.wav,by jove bertie i don't know how to thank you
common_voice_en_18735362.wav,the base of the building is clad in rosa purino carnelian granite
common_voice_en_18748233.wav,the kars tbilisi baku railway will run along the line through the city
common_voice_en_18854324.wav,she has a pet rock rocco much to elmo's constant dismay
common_voice_en_18854403.wav,hell no we ain't all right!
common_voice_en_18854508.wav, the first application was given to a pune police station
common_voice_en_18868626.wav,the campus is located in the area of pance south of the city
common_voice_en_594203.wav,a light brown puppy wearing a muzzle stands upright against a woman with red nails
common_voice_en_594210.wav,two senior women talk while sitting on a bench
common_voice_en_594242.wav,two people of asian descent sit at a table drinking and smoking cigarettes
common_voice_en_594233.wav,a man in a blue shirt runs under a blue road marker in a race
common_voice_en_594253.wav,a small girl is holding a wiffle ball bat outdoors
common_voice_en_594259.wav,three musical performers do their act
common_voice_en_594276.wav,a fisherman with his friend is setting up his pole
common_voice_en_594274.wav,two children play outside in the yard
common_voice_en_594270.wav,a biker in red rides in the countryside
common_voice_en_594297.wav,a race car driver celebrates with a bottle of champagne
common_voice_en_594303.wav,man in white shirt descends a rock cliff
common_voice_en_594301.wav,the girl is playing along with the images on the big screen
common_voice_en_594306.wav,a child is laying down in a playground while another child observes
common_voice_en_594310.wav,the cowboy kneels down to put the brown strap on his boot
common_voice_en_594317.wav,a boy and a man cross a river on an elephant
common_voice_en_594329.wav,a man in a blue shirt and blue jeans standing behind a subway sign
common_voice_en_594350.wav,one boy pushes another on a swing
common_voice_en_594372.wav,a campsite with tents and picnic tables
common_voice_en_594370.wav,a little boy is playing with a yellow shovel in front of a christmas tree
common_voice_en_594379.wav,a woman carries a backpack and teal jacket
common_voice_en_594380.wav,a young couple play in a fountain
common_voice_en_594385.wav,two boys in uniforms exchanging an item
common_voice_en_594406.wav,two boys in uniform playing a game of field hockey with an adult blowing on a whistle
common_voice_en_594424.wav,a person in a green shirt holding a colorful umbrella
common_voice_en_594435.wav,a man wearing jeans and a gray shirt standing behind a spray painted brick wall
common_voice_en_594450.wav,a group of children are playing near a statue
common_voice_en_594471.wav,a woman points to the inside of a computer as a young girl looks on
common_voice_en_594480.wav,a couple enjoying the night lights together
common_voice_en_594484.wav,a couple of people are sitting on a big staircase
common_voice_en_594498.wav,four women pose for a photograph with a man in a bright yellow suit
common_voice_en_594500.wav,blond child is learning self deference
common_voice_en_594507.wav,three men playing drums bass and piano
common_voice_en_594513.wav,a bicycle repairman shows two men what was wrong with their bike
common_voice_en_594535.wav,three young boys playing outside and posing for a picture
common_voice_en_594542.wav,a woman is weaving something in green
common_voice_en_594554.wav,the dog runs through the water while holding a yellow ring
common_voice_en_594553.wav,two surfers preparing to enter the water for a competition
common_voice_en_594569.wav,a man is looking at a shrub
common_voice_en_594608.wav,two young boys in swim trunks wash a big brown dog
common_voice_en_594602.wav,a man is walking through the courtyard of an old building
common_voice_en_594641.wav,two children are having a sack race
common_voice_en_594662.wav,a person 's hands work on some sort of project
common_voice_en_594672.wav,woman wearing an orange scarf holding a cellphone
common_voice_en_594732.wav,a girl is eating cereal out of a white bowl
common_voice_en_594734.wav,a boy dribbles a soccer ball in a grass field next to a parking lot
common_voice_en_594773.wav,a woman in a yellow shirt eating
common_voice_en_594785.wav,there are two men on a stage with guitars greeting each other
common_voice_en_594778.wav,a young boy performs a backflip off a cliff into the sea
common_voice_en_594805.wav,a donkey is pulling the cart down the road
common_voice_en_594803.wav,a baby taking a bath in a tub
common_voice_en_594807.wav,violinist writing down music with a pencil
common_voice_en_594809.wav,one boy is trying to kiss another in a school lunch room
common_voice_en_594822.wav,a woman cooks a variety of meets on a grill while others stand in the background
common_voice_en_594854.wav,a loan motorcyclist riding a red motorcycle on a racetrack
common_voice_en_594850.wav,children play in the street under a spray of water from a large machine
common_voice_en_594861.wav,a child wearing a red shirt playing
common_voice_en_594863.wav,greyhounds take a corner at a race
common_voice_en_594873.wav,a man with a strange helmet is sitting on top of a blue motorcycle
common_voice_en_594893.wav,guy jumping off a pier into lake
common_voice_en_594877.wav,a young girl in glasses and sweatsuit swings a racket
common_voice_en_594907.wav,a woman delivery truck driver is reaching for a box
common_voice_en_594902.wav,three sisters in matching pink dresses standing on the beach
common_voice_en_594912.wav,a small dog runs to catch a ball
common_voice_en_594916.wav,a bartender making a tray of drinks in champagne flutes
common_voice_en_594921.wav,several people are walking around outside
common_voice_en_594934.wav,a motorcycle rider drives fast around a curve on a track
common_voice_en_594945.wav,a woman is walking past a sign
common_voice_en_594942.wav,a surfer attempts to stand on his board as water splashes up from the sides
common_voice_en_594950.wav,a snowboarder in a red jacket slides down a snowy mountain
common_voice_en_594961.wav,a historiclooking building
common_voice_en_594969.wav,a girl in denim shorts and a tshirt is outside cooking meat on a grill
common_voice_en_594973.wav,students attend a math lecture at university
common_voice_en_594966.wav,the lady is sitting down to a nice chicken dinner
common_voice_en_594985.wav,a man kisses the neck of a woman sitting on his lap
common_voice_en_594977.wav,several children are playing soccer in a field
common_voice_en_594990.wav,a group of people on a dock with a boat on the other side of the dock
common_voice_en_594978.wav,three men in white wait to swing at a ball
common_voice_en_595015.wav,a brown dog runs fast outside on green grass
common_voice_en_595027.wav,a girl is observing some carvings on a stone wall
common_voice_en_595012.wav,an asian couple posing for a picture in a restaurant
common_voice_en_595033.wav,a small black and white dog carrying a red bucket in his mouth
common_voice_en_595037.wav,white cat perched on a stone wall
common_voice_en_595036.wav,three people stand in an outdoor glass structure
common_voice_en_595040.wav,a boy is outside wearing a tshirt and shorts while he does a back flip
common_voice_en_595056.wav,a well dressed man with glasses working with an open piano
common_voice_en_595065.wav,two children are preparing to go on an elephant ride
common_voice_en_595060.wav,a man standing alone in a park
common_voice_en_595068.wav,a darkhaired boy carrying a large black trash bag over his shoulder
common_voice_en_595083.wav,a firefighter sprays water onto a gigantic pile or burning ash that includes flames and dark smoke
common_voice_en_595077.wav,xylophonists play in a dark setting
common_voice_en_595088.wav,a child swings a bat next to a stone wall
common_voice_en_595090.wav,a man and woman posing for a picture on a mountain hike
common_voice_en_18877720.wav,ousmane sy was born in bandiagara mali
common_voice_en_18673834.wav,this steam powered tramway was at the time the longest in the world
common_voice_en_18734812.wav,zchiw song ensemble aka
common_voice_en_18854374.wav,some hemolysins affects the sterols of the host cytoplasmic membrane
common_voice_en_18673688.wav,chałubiński established tuberculosis sanatoria in zakopane in the tatra mountains
common_voice_en_18852246.wav,corporate power can also increase income inequality
common_voice_en_18852251.wav,oenophiles are also known as wine aficionados or connoisseurs
common_voice_en_18915889.wav,other important cities include soledad and malambo
common_voice_en_18925166.wav,bandeiraea simplicifolia benth
common_voice_en_18931108.wav,seasonal climatic problems include spring sandstorms and winter zud
common_voice_en_18696828.wav,americanapparelnet is the company's e commerce sales hub
common_voice_en_18698449.wav,that year he also launched his website wwwthomashampsoncom
common_voice_en_18861875.wav,carl bildt has also been appointed as an advisor to russian controlled investment group letterone
common_voice_en_18862189.wav,together with his colleague elastinen he formed the finnish rap band fintelligens
common_voice_en_18865218.wav,major production centers around attica boeotia and euboea
common_voice_en_18865358.wav,greater noida is the district administrative headquarters
common_voice_en_18870674.wav,the convent also has interesting architecture in manueline and baroque styles
common_voice_en_18573080.wav,we use an agile work flow for delivering projects
common_voice_en_18699185.wav,some copies are sold as a phil lewis solo album
common_voice_en_18699985.wav,hollandexel operated an international scheduled service to curaçao
common_voice_en_18699998.wav,the main lifts are open in both summer and winter
common_voice_en_18739388.wav,the surface lies at above sea level
common_voice_en_18739525.wav,this portion was known as farm tin
common_voice_en_18778658.wav,an early variant name was saint paul
common_voice_en_18778670.wav,his two sons were also killed
common_voice_en_18778682.wav,such combs were introduced in the mid twentieth century
common_voice_en_18778700.wav,the family names evershaw and eversaw are derived from this place
common_voice_en_18782973.wav,marriage between members of different classes of the society was forbidden
common_voice_en_18782980.wav,again thank you all so much for the love and support you've given us
common_voice_en_18783233.wav,there are also swimming areas adjacent to the campground
common_voice_en_18783255.wav,for a short period as well he was the minister of social affairs
common_voice_en_18783267.wav,the first two from each group play the semifinals
common_voice_en_18783282.wav,for instance the circle and the line are very different objects
common_voice_en_18816256.wav,cincinnati creek flows through the village from north to south
common_voice_en_18816251.wav,reelin may also play a role in alzheimer's disease temporal lobe epilepsy and autism
common_voice_en_18816273.wav,trained as a metallurgist he became a successful leader and businessman
common_voice_en_18816280.wav,ibrahim finally reached the saudi capital at diriyah
common_voice_en_18816341.wav,a bonus is awarded if all the balloons are popped before the music ends
common_voice_en_18816348.wav,often only two strings were used as in certain regional silk and bamboo ensembles
common_voice_en_18816373.wav,closed bolt designs are often used in rifles
common_voice_en_18816391.wav,california allows fishing for mitten crabs with some restrictions
common_voice_en_18816392.wav,the yard offers boat storage berthing afloat repairs and complete refits
common_voice_en_18816418.wav,life after death and taxes is more of a closer to failure to excommunicate
common_voice_en_18816466.wav,characters can appear in more than one category
common_voice_en_18816460.wav,call it the first true movie of the digital revolution
common_voice_en_18835696.wav,warren breed's the self guiding society provides a critical overview of the active society
common_voice_en_18840344.wav,anthophyllite is polymorphic with cummingtonite
common_voice_en_18840400.wav,davis had several children while espousing limitations on childbearing worldwide
common_voice_en_18873210.wav,it has not been widely commercialized
common_voice_en_18873209.wav,an engine with six cylinders was also a world's first
common_voice_en_18873264.wav,belknap puts vince under hypnosis and tries to get him to drown himself
common_voice_en_18873290.wav,the arrangement lasted approximately two weeks
common_voice_en_18873292.wav,'ylow' is the old prussian term for 'mud' or 'swamp'
common_voice_en_18873294.wav,alejandro and his brother did not watch much television
common_voice_en_18873311.wav,it is also a major transfer point for commuters within urban gloucester
common_voice_en_18873315.wav,zara's products are supplied based on consumer trends
common_voice_en_18873326.wav,when are you lonesome tonight
common_voice_en_18873329.wav,frequent physical effects are nausea numbness of the tongue or throat and pupil dilation
common_voice_en_18873390.wav,mertens diplomatically describes his proof as more precise and rigorous
common_voice_en_18873319.wav,the hindwings are dark with an orange border
common_voice_en_18873404.wav,he started to trade up his women's wear and offer higher style garments
common_voice_en_18873442.wav,valley is an alabama community of excellence
common_voice_en_18873431.wav,it's close to an out of body experience
common_voice_en_18873455.wav,chinese outrage over this provision led to demonstrations known as the may fourth movement
common_voice_en_18873479.wav,it was also the only movie in which presley wore a beard
common_voice_en_18894717.wav,today armin prince of lippe is the owner of detmold castle
common_voice_en_18894795.wav,lakhani is the most well known of all ismaeli tycoons
common_voice_en_18894821.wav,the group is intended to promote co operation between the three countries in crisis zones
common_voice_en_18894844.wav,the tracker holds up in the town factory and snipes down the team
common_voice_en_18897874.wav,this codified for the first time the law relating to british nationality
common_voice_en_18897956.wav,his older brothers were joab and abishai
common_voice_en_18724383.wav,hiroyuki nakano
common_voice_en_18724471.wav,galactonolactone then reacts with the mitochondrial ﬂavoenzyme galactonolactone dehydrogenase
common_voice_en_18767214.wav,makibishi were one of the items supposedly used by ninja
common_voice_en_18703592.wav,a small creek called vinalopó flows through the city splitting it in two parts
common_voice_en_18751582.wav,the original anthem benderaku was written by malaysian songwriter tony fonseka
common_voice_en_18765633.wav,he is not elected by popular vote
common_voice_en_18792371.wav,the memorial also serves as a disincentive to hitler tourism
common_voice_en_18792361.wav,settlements include ruatahuna and ruatoki
common_voice_en_97797.wav,you do all the hiring around here
common_voice_en_17274715.wav,it took me most of the day to track you down it's not like you're listed in the phone book
common_voice_en_18644446.wav,i was now certain of it
common_voice_en_18644447.wav,and he was too far gone to be helped out of that
common_voice_en_38329.wav,child playing in waves with sun on the horizon
common_voice_en_137709.wav,sara can you read me
common_voice_en_89856.wav,book me a table at a restaurant in ellisport mh
common_voice_en_18599104.wav,it has a children's design
common_voice_en_18563560.wav,the radiator has an air lock
common_voice_en_186755.wav,will there be snow in north abington
common_voice_en_652983.wav,a black dog catches a frisbee at a park
common_voice_en_129523.wav,a dog running on the beach
common_voice_en_645471.wav,but i never said anything like that
common_voice_en_645475.wav,all the words you've got
common_voice_en_18640105.wav,sadly it was too little too late
common_voice_en_181716.wav,solitary man in blue shirt driving red semitruck of khera transport corp
common_voice_en_18700029.wav,middleweight wrestler kaori icho has also won three golds at the same games
common_voice_en_18855042.wav,fossils of both diselma and fitzroya have been recorded in tasmania
common_voice_en_18770151.wav,the starts can also be quite awkward where the crag is undercut
common_voice_en_586668.wav,i've got to talk to you straight from the shoulder
common_voice_en_18893710.wav,he clearly equates them with filaster's nazarei
common_voice_en_18733002.wav,the nature of the information may vary between experiments
common_voice_en_18733037.wav,about a third of the paper is sold in the streets
common_voice_en_17300260.wav,is he not still in the area then
common_voice_en_153795.wav,we can both hear
common_voice_en_71415.wav,an asian man is wearing a kimono while practicing his martial arts with a fellow colleague
common_voice_en_660604.wav,the young man catches some air while skateboarding
common_voice_en_17856516.wav,you can't make a silk purse out of a sow's ear
common_voice_en_18885465.wav,spotlights are sometimes located overhead on catwalks
common_voice_en_18664920.wav,but in the room the settee puzzled me
common_voice_en_18598225.wav,the radiologist identified her patient's blood vessels had atrophied
common_voice_en_18825892.wav,trek is a freshman sophomore academy that runs off new tech: echo
common_voice_en_206972.wav,add waltz for debby to my soft pop hits playlist
common_voice_en_159303.wav,right on the second floor there
common_voice_en_18894632.wav,the besieged italians however needed more ammunition and requested supplies
common_voice_en_608687.wav,eden 's christmas choir is performing
common_voice_en_608683.wav,a bmx rider gets a lot of air
common_voice_en_18888028.wav,only at the beginning was the designation southwest front command clear
common_voice_en_153018.wav,a woman in a red bikini is lounging by the pool
common_voice_en_11791844.wav,it is easier to destroy than to build
common_voice_en_17718441.wav,undeclared identifier 'jitter'
common_voice_en_192276.wav,add track by fleetwood mac to lakeisha's playlist todo novedadelawares
common_voice_en_199507.wav,rate the bell curve a three
common_voice_en_548953.wav,long live the king
common_voice_en_17939413.wav,the candles brightened the dark room near to the garage
common_voice_en_220949.wav,two young football players wearing blue and yellow uniforms fight for the ball
common_voice_en_136930.wav,we felt that something was following us through the woods
common_voice_en_18902979.wav,notable instructors include hugues doneau scipione gentili and daniel schwenter
common_voice_en_44220.wav,the night watch cloaks on game of thrones are made from ikea rugs
common_voice_en_18553401.wav,in fact he said he had no head for detail
common_voice_en_18553214.wav,will you allow me to retire
common_voice_en_648486.wav,she wants to talk to uncle francis
common_voice_en_560536.wav,going up to see erin
common_voice_en_18724000.wav,dayananda stated that he wanted 'to make the whole world aryan' ie
common_voice_en_504878.wav,it was almost as if her life had been deleted
common_voice_en_160308.wav,a green building with two people sitting out front
common_voice_en_700189.wav,a woman wearing a gray coat with brownish hair is pulling a basketlike cart
common_voice_en_604161.wav,she is barely surviving the paycheck to paycheck life
common_voice_en_491503.wav,don't get technical at a time like this
common_voice_en_18742754.wav,for decades researchers believed spicules could send heat into the corona
common_voice_en_18766381.wav,he was later appointed surgeon in chief
common_voice_en_214641.wav,two women are standing under an umbrella together in front of a bandstand
common_voice_en_214633.wav,a man wearing a blue shirt standing on the railroad is taking picture of the bridge
common_voice_en_214637.wav,a lady sitting under a shelter eating with her dog
common_voice_en_18850095.wav,the municipality's name was derived from its patron saint the sto
common_voice_en_654616.wav,several people ride up an escalator
common_voice_en_18810070.wav,george messum represented england students whilst studying at loughborough university
common_voice_en_18899911.wav,he founded the kuruba sangham and the kuruba hostel in hyderabad
common_voice_en_424056.wav,the toad spit a caustic slime at the bees
common_voice_en_12559518.wav,read some books won't you
common_voice_en_18842335.wav,his funeral monument is attributed to arnolfo di cambio
common_voice_en_506383.wav,a hands free coding environment has a lot of moving parts which can be overwhelming at first
common_voice_en_506399.wav,all the wealth comes from the pockets
common_voice_en_18854502.wav,the distribution of the rainfall changes in the direction from north to south
common_voice_en_18475906.wav,another word for for hawthorn is may
common_voice_en_647437.wav,a woman in a white shirt holds a tennis racket
common_voice_en_18651888.wav,when something is widely available it starts to get treated like a commodity
common_voice_en_18651895.wav,we are a homogeneous community
common_voice_en_18720952.wav,the large onewai clan live all over fiji and around the world
common_voice_en_18720919.wav,prominent buildings include the albert mines baptist church
common_voice_en_18720950.wav,its name is derived from the ojibwe word for iron: biwabiko nabik wan
common_voice_en_18720917.wav,in most languages its spelling is the same although the pronunciation varies somewhat
common_voice_en_18720916.wav,elections for its members were not considered free and fair by the international community
common_voice_en_18721010.wav,the constant changes of sultans that followed led to great disorder in the provinces
common_voice_en_18720954.wav,a series of orders for more k class blimps followed
common_voice_en_18721013.wav,light with a short wavelength consists of photons of high energy
common_voice_en_18721012.wav,talks in antaragni usually center around the theme of the festival for that year
common_voice_en_587388.wav,because we're the people and we're tough!
common_voice_en_18709613.wav,the right panel depicts the pietà and the limbo of the just
common_voice_en_151437.wav,add metal overload to my playlist mihalis hatzigiannis
common_voice_en_18833935.wav,what kind of man would i be
common_voice_en_18833939.wav,a cooling system and mechanical ventilation system were installed
common_voice_en_121397.wav,a woman with four children are eating ice cream cones
common_voice_en_17723406.wav,count not your chickens before they are hatched
common_voice_en_476526.wav,can i see the cup winner at the closest movie house
common_voice_en_18642353.wav,that was not my intention
common_voice_en_18888259.wav,it was all a little bit twee
common_voice_en_699368.wav,a tan dog is jumping over a hurdle that is on fire on the ends
common_voice_en_18662913.wav,these entrants all have an entrepreneurial mindset
common_voice_en_18759664.wav,he scored it three out of five stars
common_voice_en_648407.wav,a man is getting a shave in a barber shop
common_voice_en_18869252.wav,in oral argument adv
common_voice_en_18597639.wav,he has never missed a day before
common_voice_en_17734248.wav,first the land based trade route between east and west lost relevance
common_voice_en_42604.wav,this is the mayor
common_voice_en_18928522.wav,there are houseboats with fully furnished single room double room and triple rooms
common_voice_en_18733197.wav,another frontrunner in this regard was m ali tim
common_voice_en_18900024.wav,drop kicks are also optional for a penalty kick to score a penalty goal
common_voice_en_18817562.wav,chapters built large box stores with a much larger product selection
common_voice_en_18817577.wav,the use of random assignment cannot eliminate this possibility but it greatly reduces it
common_voice_en_127637.wav,a man is standing on some rocks while waves lap around him
common_voice_en_158612.wav,chinese people walking down a street
common_voice_en_18848250.wav,the last time jatayu met meghraj was at golapi mukto rahashya
common_voice_en_18709177.wav,he worked as a programmer for honeywell
common_voice_en_574049.wav,i enjoyed it a lot because they are both lovely people
common_voice_en_18859612.wav,he studied musical composition at northwestern university
common_voice_en_18733608.wav,he is also known for his random acts of kindness
common_voice_en_18733300.wav,musically we were going to meet each other half way
common_voice_en_5808382.wav,the boss ran the show with a watchful eye
common_voice_en_218391.wav,book a restaurant reservation near oregon next week
common_voice_en_18733348.wav,he held the royal humane society medal for life saving
common_voice_en_694920.wav,a group of men in green shirts and black pants holding hands
common_voice_en_694911.wav,a baby washes its hands in soapy water from a sink
common_voice_en_18471578.wav,the manufacturers will charge more if we demand the change
common_voice_en_18733641.wav,the inn currently serves as the private residence of thomas kipps of capon bridge
common_voice_en_18708545.wav,the municipality comprises the villages of aartrijke loppem veldegem and zedelgem proper
common_voice_en_18461771.wav,shall we watch a film at the cinema this afternoon
common_voice_en_18743259.wav,martinez also was featured on kmaro's femme like you and crazy
common_voice_en_18733519.wav,this specification only applies to audio amplifiers
common_voice_en_18419280.wav,you couldn't blame me for withdrawing
common_voice_en_18546739.wav,he tells it as he does it in mere simplicity
common_voice_en_18733320.wav,numerous devices and tricks were used in the filming
common_voice_en_18476613.wav,once in the cockpit he was in his element
common_voice_en_62568.wav,marx and engels have analyzed and criticized capitalism
common_voice_en_18713168.wav,according to thomas rudd gaap is opposed by the shemhamphorasch angel ieuiah
common_voice_en_18723852.wav,anderson almost doubled the city's recycling capacity in one year
common_voice_en_18306401.wav,society is shaken to its foundations
common_voice_en_59751.wav,i guess you must think i'm kinda batty
common_voice_en_496376.wav,i will tell her what we decided
common_voice_en_17263741.wav,do you mean it
common_voice_en_17390325.wav,to increase his popularity in publicopinion polls the politician started a campaign
common_voice_en_216602.wav,rate the current book two stars
common_voice_en_125399.wav,thai dancers happily going through their steps in unison
common_voice_en_148006.wav,what kind of a proof is that
common_voice_en_580095.wav,her mom took her to the judo class at four o'clock
common_voice_en_18741815.wav,the final medal tally was led by host vietnam followed by thailand and indonesia
common_voice_en_649220.wav,i notice you still remember it
common_voice_en_17365657.wav,he kept driving at full speed totally unfazed by the flap flap flap of the burst tyre
common_voice_en_657912.wav,we've got to walk up to the tower
common_voice_en_17915682.wav,you might hear font families more than typefaces even though they could mean the same thing
common_voice_en_308727.wav,to err is human to forgive divine
common_voice_en_42504.wav,an huge hole had been made by the impact of the projectile
common_voice_en_484139.wav,a bird in hand is worth two in the bush
common_voice_en_534977.wav,i think they perceived that nothing was to be done at the moment
common_voice_en_567974.wav,i would have won the junior olympics if not for those medaling kids
common_voice_en_479944.wav,but instead of being saddened he was happy
common_voice_en_673134.wav,the sea has lived on in this shell because that's its destiny
common_voice_en_18607767.wav,in times of despair look out for the helpers and you will find hope
common_voice_en_651126.wav,a little token of appreciation
common_voice_en_509774.wav,you're just the one i wanted to see
common_voice_en_696182.wav,the boy wanted to believe that his friend had simply become separated from him by accident
common_voice_en_555316.wav,but not for long
common_voice_en_625749.wav,it seemed so safe and tranquil
common_voice_en_572266.wav,for at that time it had not occurred to him that it might be hollow
common_voice_en_540082.wav,that's the kind of stuff they want
common_voice_en_67966.wav,she crouched down to lace her shoes and spotted a four leaf clover
common_voice_en_200392.wav,i was scared but wasted no time in going out and crossing the bridge to the sand pits
common_voice_en_250.wav,it's hard to compare something necessary and mundane with something i'm excited about
common_voice_en_658583.wav,you'd better get your friends
common_voice_en_4495636.wav,nothing lost for lack of asking
common_voice_en_39175.wav,why did you want to see me the boy asked
common_voice_en_18343883.wav,but we'll just postpone this
common_voice_en_17818263.wav,their application for asylum has been accepted since they're victims of political persecution
common_voice_en_18828505.wav,five peaks overlooked on that list are indicated with an asterisk
common_voice_en_573656.wav,he decided to return to his friend's stable by the longest route possible
common_voice_en_129916.wav,a person is bowling in this blurry action shot
common_voice_en_18004367.wav,what does it all mean
common_voice_en_655167.wav,i'm addicted to recycling
common_voice_en_497292.wav,and so it was
common_voice_en_102654.wav,i'm going to tell your mother on you
common_voice_en_64022.wav,one dog wades in the water while another dog is on land
common_voice_en_113298.wav,a girl in a red shirt is rock climbing
common_voice_en_17245950.wav,jade's cordless drill has become faulty
common_voice_en_17489892.wav,there was an accident at work a camel stampede nearly killed the janitor
common_voice_en_503798.wav,how did you find out
common_voice_en_619458.wav,and he told what he had seen
common_voice_en_17623430.wav,where did charlotte leave her keys
common_voice_en_655595.wav,this is for you he said holding one of the parts out to the monk
common_voice_en_633986.wav,that night there was another jetting out of gas from the distant planet
common_voice_en_17290751.wav,well it seems that i am running out of cereals for breakfast
common_voice_en_219953.wav,the englishman didn't answer him directly
common_voice_en_18264295.wav,i left the car at the garage
common_voice_en_18822586.wav,stores include an aldi supermarket a smaller foodworks grocery store and a mcdonald's restaurant
common_voice_en_19609.wav,these are the spies said one of the men
common_voice_en_18032955.wav,if he had it on him then they'll have that too
common_voice_en_34404.wav,and he gave the boy his blessing
common_voice_en_18733679.wav,they currently hang in hartwall areena in helsinki
common_voice_en_17796224.wav,i do not know
common_voice_en_125799.wav,of course the two were unable to do anything
common_voice_en_447551.wav,the agent secretly entered the embassy from the roof
common_voice_en_555238.wav,then suddenly he noticed it with a start
common_voice_en_180575.wav,i thought about the difficulties in translation that might arise
common_voice_en_663007.wav,what had been next to him five minutes ago was now at the other side
common_voice_en_202455.wav,sometimes it's better to be with the sheep who don't say anything
common_voice_en_5478736.wav,i need to pay rent and keep the doors open
common_voice_en_17808129.wav,this part of the town was half residential half industrial
common_voice_en_89201.wav,children play badminton on the lawn
common_voice_en_137774.wav,hundreds must have seen it and taken it for a falling star
common_voice_en_103666.wav,it's the other foreigner the englishman
common_voice_en_17846037.wav,first impressions are the most lasting
common_voice_en_600130.wav,sometimes i appear in the form of a solution or a good idea
common_voice_en_686664.wav,the boy saw a man appear behind the counter
common_voice_en_696712.wav,a young arab also loaded down with baggage entered and greeted the englishman
common_voice_en_18707945.wav,they have two children erik and alexandra
common_voice_en_264703.wav,a shower of dirt fell from the hot pipes
common_voice_en_17667183.wav,the majority always claims to be pacifist but
common_voice_en_49360.wav,you point to a trail of ants leading into the house
common_voice_en_17431530.wav,i could be wrong but it's somewhere in that region
common_voice_en_3682148.wav,there were thirty girls on the soccer field
common_voice_en_208509.wav,the alchemist lighted the fire and soon a delicious aroma filled the tent
common_voice_en_540547.wav,to scare a bird is not the way to catch it
common_voice_en_18153331.wav,the egg's shell is hard and brittle while the interior is sticky on the fingers
common_voice_en_2381440.wav,greediness burst the bag
common_voice_en_17366552.wav,lgbt stands for lesbian gay bisexual and transgender
common_voice_en_541568.wav,will i learn to do that someday the boy asked
common_voice_en_597541.wav,there's a caravan leaving today for alfayoum
common_voice_en_17256264.wav,did you see the chap over there with his arms in the air like he just doesn't care
common_voice_en_17920131.wav,well you shouldn't have any trouble then
common_voice_en_17784341.wav,when alvin was a little boy he loved to watch bud spencer and terence hill
common_voice_en_580576.wav,what is it that i still need to know the boy asked
common_voice_en_10370.wav,he had used the two stones only once one morning when he was at a marketplace
common_voice_en_86465.wav,a woman carries a backpack and teal jacket
common_voice_en_501731.wav,it was however still so hot from its flight through the air
common_voice_en_202225.wav,i dare her to move that desk out of here
common_voice_en_78883.wav,this morning i found a calculator taped to my wii
common_voice_en_54384.wav,undefined
common_voice_en_17832183.wav,as you sow so shall you reap
common_voice_en_19226.wav,the google search bar is for searching not for typing urls!
common_voice_en_18539477.wav,i have done with the red coat believe me
common_voice_en_503476.wav,but i didn’t think that it contained any living creature
common_voice_en_57546.wav,scattered groups of people were hurrying from the direction of woking
common_voice_en_18353802.wav,refer to the owner's manual for further instructions
common_voice_en_17643646.wav,she's gonna like it isn't she
common_voice_en_158552.wav,why does the ice cream truck keep playing such a sad song “send in the clowns”
common_voice_en_113254.wav,he had assumed he would soon return to his sheep
common_voice_en_190149.wav,we've done it! said the englishman who had also awakened early
common_voice_en_510932.wav,a man in a blue shirt and jeans poses by large mossy rocks
common_voice_en_17262153.wav,are you ready to hear my counterargument
common_voice_en_191353.wav,amen
common_voice_en_17645060.wav,did you know that
common_voice_en_574227.wav,am i going to find my treasure he asked
common_voice_en_17293.wav,a rock climber clings to a steep overhanging rock high above a mesa
common_voice_en_86581.wav,i have watched the caravan as it crossed the desert he said
common_voice_en_675386.wav,i have come to enquire about the antelope
common_voice_en_196235.wav,a woman reading in the park with her shoes off
common_voice_en_125325.wav,elizabeth reclined gracefully
common_voice_en_17957625.wav,pink foam floated gently through the air landing on the parked vehicles
common_voice_en_549191.wav,they forgot that lead copper and iron have their own destinies to fulfill
common_voice_en_17820439.wav,a new broom sweeps clean what's bred in the bone
common_voice_en_657878.wav,young man in white tank top shirt long blue shorts playing tennis
common_voice_en_46012.wav,i'm going out and find them!
common_voice_en_171010.wav,she would never know the difference because she didn't know how to read
common_voice_en_11713842.wav,out of sight out of mind
common_voice_en_18474.wav,they're not worth much the englishman answered
common_voice_en_588556.wav,on the seventh day the alchemist decided to make camp earlier than usual
common_voice_en_629930.wav,they're not for sale he said
common_voice_en_507964.wav,on the islands the sea breeze is soft and mild
common_voice_en_311874.wav,we need to ski down the hill before the sun sets
common_voice_en_18730705.wav,it is part of the hosford abernethy neighborhood association
common_voice_en_480331.wav,at once he connected the two incidents
common_voice_en_602377.wav,draw the chart with heavy black lines
common_voice_en_503469.wav,the wind began to blow again
common_voice_en_17754097.wav,the room was crowded with a wild mob
common_voice_en_624661.wav,he had seen the shooting star and was persuaded that a meteorite lay somewhere nearby
common_voice_en_18839133.wav,dame helena resigned shortly afterwards and was replaced by lord burns
common_voice_en_66713.wav,they're going to believe that one
common_voice_en_178527.wav,i've got to get katie out of jail!
common_voice_en_640241.wav,modifying the assets would be a copyright violation
common_voice_en_209908.wav,you shouldn't be here the alchemist answered
common_voice_en_17386335.wav,why are you doing this
common_voice_en_512587.wav,most meteorites are more or less rounded
common_voice_en_345829.wav,it's an ill wind that blows no one some good
common_voice_en_1763.wav,it was difficult not to think about what he had left behind
common_voice_en_345828.wav,he who sings drives away sorrow
common_voice_en_613002.wav,viral marketing is a buzzword used frequently by economists
common_voice_en_117858.wav,the emerald tablet is a direct passage to the soul of the world
common_voice_en_492505.wav,a man surrounded by staging is working
common_voice_en_546554.wav,the englishman said nothing
common_voice_en_17686109.wav,zora can you teach me how to yodel
common_voice_en_512670.wav,came to the bar he had entered on his first day there
common_voice_en_18095211.wav,peace came years after the war
common_voice_en_524164.wav,a fence cuts through the corner lot
common_voice_en_656409.wav,there was a rough patch of skin
common_voice_en_18409088.wav,i guess i'll have to share my food with you now
common_voice_en_55357.wav,many of whom are homeless and hungry
common_voice_en_17281451.wav,grow angry slowly there's plenty of time
common_voice_en_166414.wav,the caravans had been stopped at giza for some time waiting for the wars to end
common_voice_en_17253022.wav,she set it on the shelf and there it stayed
common_voice_en_17283106.wav,that's a really great idea!
common_voice_en_533212.wav,kate frank's a baker!
common_voice_en_10393.wav,a man and a girl stand in front of a large crowd
common_voice_en_398219.wav,carbon monoxide is a very dangerous gas
common_voice_en_17278193.wav,a drowning man will clutch at a straw
common_voice_en_508420.wav,but arms cannot be drawn unless they also go into battle
common_voice_en_270658.wav,two physicists pondered their revised quantum field theory together
common_voice_en_373477.wav,light maple makes for a swell room
common_voice_en_11675.wav,he didn't want to cry with the other people there
common_voice_en_509993.wav,cod is the main business of the north shore
common_voice_en_149967.wav,the top had certainly ceased to rotate
common_voice_en_503780.wav,until one of them dies i couldn't possibly meet anyone else
common_voice_en_545045.wav,everyone has once heard of the chicken egg problem
common_voice_en_18758587.wav,utilitarianism was revised and expanded by bentham's student john stuart mill
common_voice_en_16630345.wav,common voice
common_voice_en_17249848.wav,this beer has been brewed in germany more specifically in bavaria
common_voice_en_175041.wav,i'm going with you the boy said
common_voice_en_17908832.wav,who would have thought that
common_voice_en_458608.wav,i can't clone this git repository
common_voice_en_17519336.wav,well there's a big difference in sound
common_voice_en_17272351.wav,the tram will arrive in five minutes unless this timetable is wrong
common_voice_en_34400.wav,i'll be back in a minute
common_voice_en_17297407.wav,i was told by my instructor to use a nichrome wire to burn metal solids
common_voice_en_628552.wav,i should say not!
common_voice_en_18651467.wav,my assignment has been completed and submitted
common_voice_en_18651465.wav,the cheque has been rejected
common_voice_en_86702.wav,looking down at the spoon he held the boy saw that the oil was gone
common_voice_en_675201.wav,two people on red motorcycle riding with a group of motorcyclist
common_voice_en_675200.wav,a black and white dog jumping high to catch a ball
common_voice_en_18710312.wav,dealers of card or dice games often displayed these full body tattoos shirtless while playing
common_voice_en_131823.wav,leave no stone unturned
common_voice_en_39677.wav,he don't seem like a guy that'd fall into line
common_voice_en_553218.wav,i have also experimented with a fancier solution to this problem
common_voice_en_656007.wav,both of these support the extensions you'll need so it is really a matter of personal preference
common_voice_en_656009.wav,that bold remark will be remembered for a long time
common_voice_en_165361.wav,you can't put an old head on young shoulders
common_voice_en_554705.wav,i don't know how to find life in the desert the boy said
common_voice_en_104930.wav,isn't it a little crowded
common_voice_en_18558743.wav,and do you live alone here with these babies charley
common_voice_en_569650.wav,all roads go to jericho
common_voice_en_570501.wav,it's like the camel driver said: 'eat when it's time to eat
common_voice_en_18339761.wav,i'll be out of my head in fifteen minutes
common_voice_en_18339754.wav,sheldon glanced at the thermometer
common_voice_en_645169.wav,don't ask me how i know
common_voice_en_168906.wav,that's the reason why i came in fourth
common_voice_en_667090.wav,a child in a red shirt is sitting on his father 's shoulders
common_voice_en_18352995.wav,that is why i am am rattled he laughed
common_voice_en_541612.wav,oaks may fall when reeds take the storm
common_voice_en_16048370.wav,these pills do less good than others
common_voice_en_592406.wav,she spent almost all night finishing her thesis
common_voice_en_592407.wav,why don't you fellows get your own news
common_voice_en_18732129.wav,it is primarily known for its lake and motor racing
common_voice_en_18732130.wav,it continues to serve the community from this location
common_voice_en_180063.wav,they went in to drink the tea which was served in beautiful crystal glasses
common_voice_en_18004634.wav,build castles in the air
common_voice_en_87016.wav,epilepsy is a condition which sends the sufferer into uncontrollable convulsions
common_voice_en_496394.wav,this woman is sitting in a lawnchair on the sand
common_voice_en_18442052.wav,sooner or later three brothers three castles
common_voice_en_18316463.wav,bill lingered contemplating his work with artistic appreciation
common_voice_en_18009690.wav,i could go on for days about the delicious wines produced in this part of the world
common_voice_en_17264552.wav,after an avalanche buried the skiing resort it was hard to determine its exact location
common_voice_en_17245886.wav,the incubation period is typically about two weeks
common_voice_en_18652718.wav,a dreary name said the lord chancellor
common_voice_en_134200.wav,the people with programs are seated in a very large elegant room
common_voice_en_516196.wav,thought there might be one left over
common_voice_en_108557.wav,a man in a blue sweater sat at the desk
common_voice_en_17282642.wav,you could go for a brisk walk up constitution hill or something
common_voice_en_1511082.wav,both elephants and monkeys have a capable memory
common_voice_en_18481859.wav,little girls love pink fairy cakes
common_voice_en_680693.wav,find me the saga air cavalry
common_voice_en_17384570.wav,why didn't you object when you could
common_voice_en_378347.wav,hello! it is great to see you!
common_voice_en_620116.wav,the boy's name was santiago
common_voice_en_66773.wav,i feel quite ambivalent about the article
common_voice_en_569483.wav,how can you say that
common_voice_en_568305.wav,what good is money to you if you're going to die
common_voice_en_17468924.wav,the sandwich comes with ham cheese tomatoes mayonnaise pickles
common_voice_en_18556662.wav,celia raised her head to answer
common_voice_en_18684981.wav,peterson grew up in milton iowa and attended college at the university of tampa
common_voice_en_217226.wav,i sold crystal and crossed the desert
common_voice_en_17576858.wav,memes are very hackneyed she wrote in her book
common_voice_en_17772044.wav,it's late in the evening a perfect time for coffee
common_voice_en_17331569.wav,what's up homies you ready to go
common_voice_en_85217.wav,she was reminded of her mistakes
common_voice_en_15743191.wav,look! there is manuel crossing the street
common_voice_en_18886078.wav,some of his sculptures were directly inspired by russian dancers
common_voice_en_680731.wav,everything'll be taken care of!
common_voice_en_507146.wav,three men on horseback rope a calf at a rodeo
common_voice_en_690937.wav,the whole thing seemed depressingly futile
common_voice_en_690938.wav,show a clean pair of heels
common_voice_en_18408863.wav,are you going for a stroll
common_voice_en_659357.wav,a basketball player wearing blue and red is shooting a basket while onlookers sit outside the court
common_voice_en_659358.wav,young hooded boy and girl huddle on steps outside large doors
common_voice_en_17801249.wav,who was using this lab when the necklace was still here
common_voice_en_619816.wav,a dog with a stick in his mouth walking through water
common_voice_en_533825.wav,a young boy and young girl playing jenga on a wood floor
common_voice_en_18881799.wav,the following year they were married
common_voice_en_18891852.wav,however their adventures usually get them into quite a bit of trouble
common_voice_en_521962.wav,there was nothing else to do
common_voice_en_521963.wav,people should spend time on improving open source projects instead of helping market dominating companies
common_voice_en_483488.wav,you old sorcerer the boy shouted up to the sky
common_voice_en_18058301.wav,we usually parked our motorcycles near to this building
common_voice_en_17927407.wav,deferred is not denied
common_voice_en_16048258.wav,rick was in the first aid club as a sixth former
common_voice_en_601282.wav,guards are patrolling around the perimeter of the base
common_voice_en_182346.wav,the criminal courts building
common_voice_en_180752.wav,you won't have any trouble reading it
common_voice_en_16048328.wav,these days a chicken leg is a rare dish
common_voice_en_18756652.wav,lownes acted as executive producer
common_voice_en_17274033.wav,i just worked the tills for a couple of months then got too bored and left
common_voice_en_18758341.wav,also papuan languages of new guinea and nilo saharan languages of east africa are pro drop
common_voice_en_18565941.wav,a string across a cupboard!
common_voice_en_18852834.wav,crompton was replaced by derrick gyles
common_voice_en_478337.wav,why don't you shut up!
common_voice_en_18422052.wav,oh that yes
common_voice_en_580106.wav,mom took grandma to the garden center to hear the latin names of plants
common_voice_en_18831618.wav,arawn in switching bodies also exposes how virtuous pwyll is
common_voice_en_578386.wav,stop calling me that!
common_voice_en_18887309.wav,the town has been the site of two episodes of breaking bad
common_voice_en_599429.wav,many of our soldiers teamed up
common_voice_en_18534895.wav,what is social intelligence
common_voice_en_43664.wav,check movie schedules and find which animated movies are being aired in the neighborhood
common_voice_en_18474112.wav,please do not mess up with the buttons on this machine
common_voice_en_18738770.wav,there are also versions with a single handle
common_voice_en_18738791.wav,the reef rises to the surface of the water and forms a new island
common_voice_en_18847012.wav,in visible light one of the spiral arms appears to have a disconnected segment
common_voice_en_18847010.wav,he is buried in arlington national cemetery virginia
common_voice_en_18847013.wav,the other parts play more complex lines often in imitative counterpoint
common_voice_en_18707267.wav,the mangochi district is a real hub of commerce

